#{"t_start": 1617129578.6908636, "env_id": null}
r,l,t
9,100,2.808673
13,100,3.439233
13,100,3.969974
20,100,4.502101
17,100,5.029168
14,100,5.560585
11,100,6.086285
13,100,6.605658
12,100,7.12175
8,100,7.640274
16,100,8.159512
17,100,8.677498
14,100,9.192877
17,100,9.723125
23,100,10.242188
27,100,10.755281
25,100,11.28562
24,100,11.810189
25,100,12.326688
21,100,12.839125
16,100,13.367271
27,100,13.883001
25,100,14.395876
36,100,14.911831
21,100,15.430236
22,100,16.002491
25,100,16.562696
28,100,17.101712
30,100,17.709178
27,100,18.273691
23,100,18.869854
20,100,19.463475
23,100,20.004303
33,100,20.570621
33,100,21.138944
24,100,21.696178
28,100,22.240138
26,100,22.787797
36,100,23.426819
27,100,24.045405
30,100,24.634713
32,100,25.200604
32,100,25.786388
35,100,26.366834
38,100,26.947107
25,100,27.541324
35,100,28.157032
36,100,28.744091
24,100,29.359696
30,100,29.955774
29,100,30.541946
26,100,31.124511
22,100,31.714648
31,100,32.402011
29,100,33.135663
26,100,33.856654
33,100,34.554323
36,100,35.41846
37,100,36.078451
31,100,36.887136
18,100,37.680383
33,100,38.431103
32,100,39.29451
31,100,40.19361
29,100,40.979648
36,100,41.765124
44,100,42.559196
33,100,43.252373
34,100,43.978883
31,100,44.715319
35,100,45.401565
40,100,46.09325
21,100,46.713525
32,100,47.305927
29,100,47.886868
30,100,48.482965
45,100,49.083276
40,100,49.67905
37,100,50.263259
29,100,50.849238
33,100,51.438387
29,100,52.018371
42,100,52.615282
23,100,53.191633
40,100,53.776179
36,100,54.361809
34,100,54.935233
35,100,55.513922
33,100,56.088134
42,100,56.669926
36,100,57.24917
34,100,57.821331
33,100,58.392268
32,100,58.979113
43,100,59.55876
25,100,60.138245
37,100,60.717529
41,100,61.340731
32,100,61.92725
33,100,62.501067
33,100,63.080549
44,100,63.657358
30,100,64.278167
31,100,64.895422
41,100,65.48244
32,100,66.058129
38,100,66.638685
40,100,67.218843
36,100,67.794076
40,100,68.36999
25,100,68.953768
36,100,69.530654
34,100,70.139551
34,100,70.757592
32,100,71.335698
31,100,71.918254
34,100,72.493724
39,100,73.068557
39,100,73.644355
29,100,74.231202
31,100,74.827203
35,100,75.441639
38,100,76.063381
29,100,76.644879
35,100,77.22465
37,100,77.805387
34,100,78.381001
34,100,78.95955
48,100,79.534433
28,100,80.109787
33,100,80.689541
35,100,81.263458
36,100,81.841969
33,100,82.427588
37,100,83.008081
31,100,83.5873
27,100,84.164093
37,100,84.742457
34,100,85.331491
29,100,85.912997
35,100,86.489479
27,100,87.065889
36,100,87.637686
36,100,88.228627
41,100,88.851414
36,100,89.454113
35,100,90.073316
42,100,90.699417
37,100,91.344435
31,100,91.964819
34,100,92.56722
39,100,93.185835
35,100,93.806344
31,100,94.392104
37,100,94.974516
34,100,95.559269
31,100,96.142474
40,100,96.718086
36,100,97.296206
48,100,97.87376
47,100,98.452517
38,100,99.059511
36,100,99.645664
41,100,100.226674
39,100,100.904079
37,100,101.629611
42,100,102.249746
41,100,102.834233
39,100,103.492066
41,100,104.182673
36,100,104.792312
38,100,105.371512
43,100,105.95428
39,100,106.550447
41,100,107.213706
35,100,107.887469
40,100,108.492081
36,100,109.074177
38,100,109.655056
39,100,110.2322
37,100,110.81856
41,100,111.401206
31,100,111.980278
37,100,112.559642
47,100,113.140512
47,100,113.724505
41,100,114.301462
39,100,114.882427
34,100,115.456687
31,100,116.040551
34,100,116.623734
42,100,117.202921
32,100,117.785639
37,100,118.363226
42,100,118.943906
32,100,119.522026
36,100,120.098524
32,100,120.672808
40,100,121.251951
41,100,121.832367
34,100,122.415433
36,100,122.99417
40,100,123.574918
36,100,124.156815
39,100,124.73179
36,100,125.311194
35,100,125.890933
38,100,126.469857
36,100,127.05029
37,100,127.647805
38,100,128.293371
37,100,128.955911
35,100,129.559053
46,100,130.207709
37,100,130.798859
41,100,131.391011
49,100,132.116944
34,100,132.754387
33,100,133.339027
40,100,133.919976
38,100,134.511869
41,100,135.098231
33,100,135.679474
38,100,136.272955
31,100,136.866828
46,100,137.469354
37,100,138.04871
42,100,138.635727
37,100,139.219582
30,100,139.808883
33,100,140.396843
33,100,140.978035
38,100,141.564467
39,100,142.150324
44,100,142.733152
38,100,143.326403
38,100,143.911269
33,100,144.497364
35,100,145.083835
36,100,145.667396
43,100,146.25734
38,100,146.843468
39,100,147.4273
43,100,148.011103
39,100,148.595291
40,100,149.186997
31,100,149.772808
38,100,150.35459
34,100,150.938096
40,100,151.522145
39,100,152.113662
40,100,152.801037
40,100,153.491062
39,100,154.109078
40,100,154.722982
32,100,155.31059
34,100,155.890356
35,100,156.472872
33,100,157.057045
40,100,157.639865
35,100,158.221581
36,100,158.807616
45,100,159.390658
35,100,159.975212
36,100,160.559351
33,100,161.14898
40,100,161.733618
39,100,162.317354
46,100,162.912842
34,100,163.499175
28,100,164.087424
41,100,164.671631
45,100,165.260244
34,100,165.846732
44,100,166.429916
23,100,167.01675
39,100,167.599421
43,100,168.301419
43,100,168.996825
35,100,169.687232
41,100,170.403365
35,100,171.163787
43,100,171.761678
33,100,172.350887
30,100,172.940903
34,100,173.527652
39,100,174.117545
33,100,174.715851
43,100,175.38655
47,100,175.981691
45,100,176.570376
38,100,177.157879
39,100,177.746439
37,100,178.332438
34,100,178.959439
38,100,179.548565
28,100,180.132829
42,100,180.719823
40,100,181.304375
36,100,181.890793
40,100,182.484717
39,100,183.067918
33,100,183.655728
39,100,184.246891
38,100,184.834679
35,100,185.425971
37,100,186.014238
36,100,186.598365
40,100,187.221001
38,100,187.838009
40,100,188.430975
47,100,189.013855
35,100,189.603692
44,100,190.190375
46,100,190.776947
38,100,191.367746
36,100,191.948955
42,100,192.532385
37,100,193.114723
41,100,193.701994
33,100,194.288569
42,100,194.870916
44,100,195.452478
49,100,196.036904
36,100,196.620457
43,100,197.211793
47,100,197.81014
38,100,198.417601
36,100,199.002137
34,100,199.625495
31,100,200.24005
46,100,200.851512
35,100,201.449849
46,100,202.06582
43,100,202.674987
36,100,203.268445
35,100,203.850173
41,100,204.436755
44,100,205.02205
43,100,205.605226
33,100,206.195061
34,100,206.786321
41,100,207.371069
35,100,207.954182
31,100,208.53738
35,100,209.12512
39,100,209.71133
42,100,210.296115
45,100,210.910096
38,100,211.520826
42,100,212.135264
35,100,212.738135
34,100,213.338079
37,100,213.932424
31,100,214.517948
32,100,215.116762
44,100,215.707842
41,100,216.298094
30,100,216.881639
39,100,217.468278
38,100,218.059066
43,100,218.649282
41,100,219.239431
31,100,219.819359
44,100,220.407108
38,100,220.992155
42,100,221.575282
38,100,222.158511
35,100,222.747099
41,100,223.327377
45,100,223.914363
42,100,224.501159
46,100,225.086758
39,100,225.669331
39,100,226.254942
43,100,226.841691
43,100,227.43176
40,100,228.019983
43,100,228.602753
41,100,229.189209
42,100,229.77915
37,100,230.364505
47,100,230.948738
37,100,231.530463
37,100,232.11301
27,100,232.701774
36,100,233.282918
38,100,233.871736
36,100,234.458272
41,100,235.039935
38,100,235.622358
36,100,236.207077
35,100,236.791666
40,100,237.378184
36,100,237.962549
28,100,238.548178
37,100,239.138033
33,100,239.724383
38,100,240.309994
38,100,240.894841
43,100,241.477578
34,100,242.063344
38,100,242.648585
43,100,243.234757
44,100,243.830245
33,100,244.41319
43,100,245.001163
45,100,245.580477
43,100,246.159202
36,100,246.744376
38,100,247.327893
38,100,247.908456
48,100,248.488083
37,100,249.070338
42,100,249.655352
40,100,250.245193
41,100,250.827739
29,100,251.410109
42,100,251.988724
36,100,252.572559
39,100,253.155753
39,100,253.740428
36,100,254.319993
42,100,254.901962
32,100,255.485578
42,100,256.070785
40,100,256.654608
38,100,257.243207
40,100,257.829745
38,100,258.414601
36,100,259.002468
37,100,259.58788
38,100,260.169218
34,100,260.761947
40,100,261.348116
37,100,261.934125
41,100,262.518739
38,100,263.104607
37,100,263.693066
45,100,264.27957
37,100,264.870438
36,100,265.453347
42,100,266.039532
42,100,266.623533
41,100,267.209357
39,100,267.79131
33,100,268.377918
40,100,268.961773
41,100,269.54945
33,100,270.136006
46,100,270.737218
39,100,271.299601
40,100,271.889368
32,100,272.472919
45,100,273.057159
40,100,273.645661
39,100,274.230119
42,100,274.816494
39,100,275.401903
40,100,275.987329
44,100,276.57471
34,100,277.160205
42,100,277.748335
42,100,278.333451
41,100,278.938853
42,100,279.527972
46,100,280.115419
36,100,280.703279
43,100,281.291874
35,100,281.874794
46,100,282.461312
28,100,283.041473
43,100,283.625377
51,100,284.214619
44,100,284.801843
39,100,285.396358
39,100,286.050795
31,100,286.636257
43,100,287.230891
30,100,287.809431
38,100,288.397762
42,100,288.98023
37,100,289.572304
40,100,290.153956
43,100,290.743809
38,100,291.335259
30,100,291.918815
29,100,292.506843
30,100,293.09645
36,100,293.683066
40,100,294.27748
38,100,294.863796
35,100,295.451261
40,100,296.039853
38,100,296.627968
32,100,297.227192
41,100,297.808518
39,100,298.39086
46,100,298.976485
41,100,299.601711
41,100,300.210171
35,100,300.799563
42,100,301.382762
38,100,301.963763
41,100,302.585314
31,100,303.213692
47,100,303.802722
40,100,304.401814
38,100,304.991195
37,100,305.576937
35,100,306.165619
39,100,306.756387
37,100,307.343903
33,100,307.92911
41,100,308.510785
37,100,309.098054
38,100,309.683619
41,100,310.271878
46,100,310.861231
39,100,311.453053
39,100,312.039583
36,100,312.624319
30,100,313.212288
40,100,313.79284
39,100,314.37597
41,100,314.964283
39,100,315.549414
35,100,316.133607
39,100,316.723185
45,100,317.307328
37,100,317.896376
34,100,318.476218
30,100,319.062234
43,100,319.647381
45,100,320.234089
39,100,320.826911
35,100,321.415437
37,100,322.03669
47,100,322.654147
39,100,323.255537
43,100,323.841791
36,100,324.420465
38,100,325.009075
43,100,325.593099
36,100,326.180334
48,100,326.7534
41,100,327.33714
34,100,327.920252
28,100,328.501418
40,100,329.08417
49,100,329.668149
38,100,330.249138
30,100,330.830511
44,100,331.41113
49,100,331.996361
35,100,332.587696
36,100,333.168556
37,100,333.754036
41,100,334.335365
36,100,334.92114
35,100,335.504944
36,100,336.093896
37,100,336.68249
39,100,337.270861
30,100,337.858676
38,100,338.44567
39,100,339.034409
39,100,339.614555
40,100,340.216183
33,100,340.826857
43,100,341.42751
37,100,342.029763
33,100,342.617873
33,100,343.203226
42,100,343.797666
38,100,344.376134
32,100,344.956708
37,100,345.542524
34,100,346.126782
44,100,346.713971
44,100,347.30097
39,100,347.894017
38,100,348.472637
43,100,349.060466
42,100,349.685754
43,100,350.260922
37,100,350.8586
36,100,351.464802
39,100,352.065292
37,100,352.663928
40,100,353.260866
48,100,353.84915
37,100,354.43344
43,100,355.017116
37,100,355.601574
36,100,356.192603
43,100,356.778874
41,100,357.364275
42,100,357.953182
37,100,358.539381
42,100,359.124662
33,100,359.717549
39,100,360.302922
38,100,360.889014
33,100,361.490398
40,100,362.076063
33,100,362.653108
45,100,363.239238
44,100,363.829828
36,100,364.408194
44,100,364.996319
32,100,365.573791
37,100,366.164533
39,100,366.752837
39,100,367.364037
50,100,367.980069
44,100,368.557404
41,100,369.140368
36,100,369.721637
34,100,370.30172
38,100,370.886349
40,100,371.470277
34,100,372.070973
48,100,372.657202
32,100,373.234729
46,100,373.81065
40,100,374.389581
37,100,374.988948
43,100,375.571605
37,100,376.162277
39,100,376.730713
46,100,377.318527
42,100,377.902974
46,100,378.484963
42,100,379.065131
43,100,379.649247
44,100,380.274863
33,100,380.900431
35,100,381.509424
34,100,382.104682
38,100,382.706847
36,100,383.309484
29,100,383.901016
47,100,384.480331
43,100,385.064265
39,100,385.656799
44,100,386.247765
42,100,386.83536
34,100,387.425282
41,100,388.012313
43,100,388.600338
37,100,389.187536
34,100,389.772916
35,100,390.369426
37,100,390.957907
41,100,391.548782
53,100,392.145796
50,100,392.732927
36,100,393.317648
37,100,393.899872
45,100,394.488043
39,100,395.077666
50,100,395.66125
44,100,396.251529
38,100,396.836649
44,100,397.437624
41,100,398.025816
35,100,398.592613
32,100,399.19922
32,100,399.793056
39,100,400.376357
33,100,400.956639
39,100,401.541966
36,100,402.126419
42,100,402.717574
39,100,403.308459
28,100,403.894237
36,100,404.477277
40,100,405.063387
42,100,405.645404
43,100,406.235144
33,100,406.814094
40,100,407.429595
42,100,408.032856
45,100,408.631644
32,100,409.232403
38,100,409.819919
40,100,410.417254
38,100,410.999429
46,100,411.578061
35,100,412.162195
43,100,412.743103
38,100,413.320916
38,100,413.910359
54,100,414.494767
42,100,415.081869
41,100,415.662758
43,100,416.248455
45,100,416.835223
42,100,417.447722
35,100,418.038373
40,100,418.607032
39,100,419.175674
45,100,419.753271
37,100,420.338223
38,100,420.925166
35,100,421.551598
35,100,422.214595
45,100,422.833574
39,100,423.699361
48,100,424.741624
40,100,425.351189
39,100,425.951447
42,100,426.585779
44,100,427.242128
40,100,427.878498
28,100,428.598086
34,100,429.251043
36,100,429.875658
35,100,430.466408
43,100,431.051039
39,100,431.680303
41,100,432.306016
41,100,432.922846
39,100,433.514856
40,100,434.096254
42,100,434.681026
33,100,435.398428
49,100,436.085595
49,100,436.722257
41,100,437.316708
35,100,437.911368
42,100,438.501669
43,100,439.087761
40,100,439.674836
31,100,440.259462
37,100,440.850662
49,100,441.438119
43,100,442.033882
36,100,442.632089
49,100,443.218094
46,100,443.804602
42,100,444.38811
34,100,444.971985
45,100,445.562871
32,100,446.153486
36,100,446.73808
45,100,447.324027
40,100,447.916111
42,100,448.509982
37,100,449.114888
38,100,449.693967
42,100,450.27089
42,100,450.85421
38,100,451.43751
37,100,452.023804
35,100,452.60744
31,100,453.19006
41,100,453.772607
48,100,454.353237
49,100,454.943704
39,100,455.531073
34,100,456.114574
41,100,456.701807
37,100,457.282208
39,100,457.870858
37,100,458.455132
33,100,459.046246
40,100,459.629924
43,100,460.221904
36,100,460.817208
36,100,461.396791
38,100,461.982576
30,100,462.566859
38,100,463.15953
35,100,463.758615
42,100,464.357393
45,100,464.964007
38,100,465.525317
37,100,466.124548
35,100,466.716821
36,100,467.301996
44,100,467.871335
40,100,468.466635
39,100,469.058237
47,100,469.671246
34,100,470.252978
38,100,470.829383
43,100,471.432553
44,100,472.005387
43,100,472.590837
37,100,473.176835
40,100,473.762107
31,100,474.339544
39,100,474.924067
37,100,475.508619
42,100,476.092898
32,100,476.675728
48,100,477.263578
39,100,477.856929
42,100,478.439609
39,100,479.019588
46,100,479.601348
42,100,480.189361
38,100,480.797848
38,100,481.569517
37,100,482.274522
45,100,482.917413
38,100,483.55798
45,100,484.164548
40,100,484.776282
36,100,485.370865
38,100,485.96316
44,100,486.542985
36,100,487.133398
42,100,487.723878
47,100,488.314075
32,100,488.899758
46,100,489.488719
41,100,490.072159
39,100,490.664552
39,100,491.240751
40,100,491.826142
39,100,492.432189
39,100,493.020266
41,100,493.616608
44,100,494.205366
43,100,494.767852
39,100,495.352782
33,100,495.953935
33,100,496.537431
35,100,497.129244
41,100,497.734929
51,100,498.369441
41,100,498.952069
40,100,499.557038
40,100,500.152079
36,100,500.743184
39,100,501.327957
46,100,501.918091
36,100,502.533163
36,100,503.145119
38,100,503.729561
35,100,504.325676
36,100,504.910322
45,100,505.497405
39,100,506.079957
51,100,506.660195
45,100,507.238952
38,100,507.822854
39,100,508.413007
45,100,509.01932
42,100,509.610539
40,100,510.196154
38,100,510.771507
48,100,511.36573
40,100,511.93106
42,100,512.517226
33,100,513.1
43,100,513.684027
45,100,514.270013
42,100,514.875024
43,100,515.478224
43,100,516.085716
42,100,516.693775
37,100,517.292487
43,100,517.908365
39,100,518.508858
48,100,519.10283
37,100,519.705844
46,100,520.311493
35,100,520.920192
40,100,521.524932
36,100,522.135175
37,100,522.735518
39,100,523.344106
43,100,523.950528
44,100,524.530782
43,100,525.11496
39,100,525.695729
41,100,526.284943
36,100,526.866467
50,100,527.452289
38,100,528.045331
39,100,528.627931
42,100,529.205045
50,100,529.798964
40,100,530.382759
41,100,530.965661
44,100,531.551859
45,100,532.132655
39,100,532.715411
46,100,533.300502
42,100,533.887432
40,100,534.471963
40,100,535.058326
41,100,535.649046
36,100,536.237352
39,100,536.810395
43,100,537.393511
43,100,537.980572
39,100,538.561536
39,100,539.150772
32,100,539.724928
38,100,540.306051
43,100,540.901191
40,100,541.496222
41,100,542.087429
36,100,542.666834
38,100,543.244828
41,100,543.824988
39,100,544.420234
40,100,544.986685
33,100,545.56852
39,100,546.147999
49,100,546.74034
43,100,547.34404
38,100,547.924413
34,100,548.511972
36,100,549.089665
47,100,549.672512
38,100,550.268299
43,100,550.854747
44,100,551.431905
39,100,552.002252
39,100,552.589165
47,100,553.192043
43,100,553.761129
41,100,554.349958
43,100,554.928033
41,100,555.515048
34,100,556.101041
42,100,556.684734
33,100,557.266236
40,100,557.848333
36,100,558.446777
40,100,559.026563
47,100,559.617929
42,100,560.194193
30,100,560.784045
39,100,561.390875
36,100,561.96801
43,100,562.538701
43,100,563.13668
45,100,563.71053
46,100,564.28896
47,100,564.870582
37,100,565.470238
37,100,566.039047
42,100,566.624559
33,100,567.212721
34,100,567.799517
51,100,568.380762
40,100,568.962642
37,100,569.544584
45,100,570.138581
39,100,570.729791
53,100,571.312481
43,100,571.891606
45,100,572.478636
39,100,573.080558
35,100,573.672878
33,100,574.26197
37,100,574.825577
40,100,575.398388
40,100,575.982299
36,100,576.571573
39,100,577.151058
34,100,577.738673
36,100,578.315416
40,100,578.899544
37,100,579.482085
36,100,580.069275
42,100,580.643307
31,100,581.225158
40,100,581.804316
43,100,582.385789
39,100,582.965447
47,100,583.547676
43,100,584.141822
37,100,584.71945
37,100,585.29811
37,100,585.877208
36,100,586.460818
45,100,587.053292
48,100,587.630826
31,100,588.211044
48,100,588.789222
41,100,589.379741
37,100,589.982218
39,100,590.564435
35,100,591.144377
34,100,591.713954
40,100,592.297677
40,100,592.875771
34,100,593.462152
35,100,594.043323
42,100,594.622916
42,100,595.203948
34,100,595.786421
35,100,596.375227
45,100,596.963547
42,100,597.541168
38,100,598.119853
38,100,598.700428
39,100,599.284167
34,100,599.868844
43,100,600.445633
35,100,601.028824
42,100,601.624179
43,100,602.195787
39,100,602.776355
41,100,603.356457
40,100,603.938421
46,100,604.529968
38,100,605.125341
39,100,605.68925
41,100,606.271253
41,100,606.85265
33,100,607.44155
31,100,608.017701
34,100,608.602932
42,100,609.18023
35,100,609.774138
36,100,610.359031
43,100,610.92848
39,100,611.519049
47,100,612.095275
38,100,612.694938
41,100,613.270078
46,100,613.868606
26,100,614.466
37,100,615.042373
42,100,615.631349
38,100,616.199422
35,100,616.774729
38,100,617.354973
40,100,617.943868
42,100,618.528385
36,100,619.099669
52,100,619.686844
34,100,620.290393
40,100,620.905606
37,100,621.52224
44,100,622.194711
38,100,622.81131
36,100,623.412446
43,100,624.024482
41,100,624.678306
36,100,625.326182
39,100,625.952952
44,100,626.562188
36,100,627.232537
45,100,628.222902
44,100,628.945978
35,100,629.662555
45,100,630.340048
40,100,631.195128
35,100,631.898332
46,100,632.546096
38,100,633.246752
42,100,634.068579
39,100,634.831676
39,100,635.493198
43,100,636.19425
42,100,636.916647
30,100,637.602044
35,100,638.310521
41,100,639.068047
43,100,639.987489
34,100,640.792
27,100,641.522816
37,100,642.142673
31,100,642.859718
36,100,643.484981
42,100,644.136921
30,100,644.796052
42,100,645.494485
42,100,646.102536
36,100,646.685355
35,100,647.266942
47,100,647.843039
43,100,648.43401
39,100,649.029573
43,100,649.620845
43,100,650.206
38,100,650.820114
43,100,651.423546
43,100,652.061113
35,100,652.6446
43,100,653.23701
41,100,653.818237
42,100,654.409497
41,100,654.982365
39,100,655.567606
43,100,656.204725
41,100,656.873215
48,100,657.496079
42,100,658.121703
41,100,658.761149
47,100,659.494973
38,100,660.130697
42,100,660.753585
38,100,661.361275
37,100,662.25152
46,100,662.936526
38,100,663.543962
44,100,664.142441
41,100,664.77346
36,100,665.385589
39,100,665.995167
42,100,666.704739
47,100,667.510571
38,100,668.390747
46,100,669.286205
40,100,670.017431
41,100,670.637433
44,100,671.246459
38,100,671.844459
40,100,672.469052
32,100,673.093727
33,100,673.676751
41,100,674.296353
47,100,674.919805
49,100,675.523381
27,100,676.153254
36,100,676.746095
46,100,677.370222
41,100,678.036255
36,100,678.6531
33,100,679.241091
42,100,679.833712
37,100,680.427229
43,100,681.037991
40,100,681.716184
36,100,682.38541
43,100,683.032555
41,100,683.69825
33,100,684.341154
44,100,684.957469
34,100,685.542889
38,100,686.15635
27,100,686.732716
45,100,687.314352
42,100,687.90747
37,100,688.484095
43,100,689.086343
42,100,689.677762
37,100,690.251607
41,100,690.833076
43,100,691.427507
35,100,692.010588
29,100,692.590386
41,100,693.188172
38,100,693.779285
38,100,694.396554
40,100,694.971117
35,100,695.602484
40,100,696.240878
42,100,696.864381
42,100,697.45831
35,100,698.097182
30,100,698.712791
44,100,699.406357
37,100,700.101939
41,100,700.754014
40,100,701.523412
45,100,702.162124
44,100,702.75807
49,100,703.362946
37,100,703.978102
41,100,704.572653
42,100,705.1628
47,100,705.738425
39,100,706.347685
39,100,706.953362
36,100,707.541764
49,100,708.15461
45,100,708.752418
37,100,709.358158
41,100,709.970174
33,100,710.586756
46,100,711.214393
39,100,711.819506
36,100,712.412673
39,100,713.008219
37,100,713.602999
51,100,714.217295
41,100,714.81776
36,100,715.424012
50,100,716.011246
38,100,716.595524
42,100,717.199816
38,100,717.786149
34,100,718.409348
49,100,718.982471
39,100,719.566661
38,100,720.154446
33,100,720.739214
42,100,721.314736
47,100,721.904824
41,100,722.511992
40,100,723.104339
43,100,723.682279
36,100,724.263951
36,100,724.846096
41,100,725.427291
35,100,726.026075
39,100,726.640523
48,100,727.272733
41,100,727.887668
40,100,728.533319
40,100,729.210164
39,100,729.843898
37,100,730.514155
53,100,731.220966
47,100,731.86802
41,100,732.502129
36,100,733.085267
40,100,733.669031
33,100,734.26567
39,100,734.845969
40,100,735.447314
38,100,736.123051
32,100,736.907646
38,100,737.609354
52,100,738.254728
44,100,738.881079
32,100,739.508974
42,100,740.168245
51,100,740.774716
40,100,741.36541
42,100,741.969958
35,100,742.66012
36,100,743.403917
35,100,744.075495
36,100,744.750589
34,100,745.391094
36,100,746.147418
39,100,746.843092
46,100,747.444166
41,100,748.039366
47,100,748.646096
43,100,749.230614
45,100,749.811806
43,100,750.388451
43,100,750.984754
38,100,751.567061
35,100,752.160807
32,100,752.745632
44,100,753.362232
43,100,754.00727
45,100,754.683102
34,100,755.329176
45,100,755.921121
41,100,756.530394
35,100,757.156269
41,100,757.752904
45,100,758.337882
38,100,758.945822
46,100,759.562093
40,100,760.152494
37,100,760.764202
36,100,761.374017
34,100,761.975449
46,100,762.560075
41,100,763.148715
31,100,763.766243
39,100,764.356024
40,100,764.944885
39,100,765.582737
33,100,766.203929
37,100,766.858388
40,100,767.473052
47,100,768.068249
37,100,768.659648
45,100,769.242592
43,100,769.895163
37,100,770.538264
43,100,771.202598
44,100,771.844498
47,100,772.585678
34,100,773.263051
42,100,773.929639
32,100,774.616238
37,100,775.276234
40,100,775.913209
33,100,776.500623
43,100,777.095761
43,100,777.689469
34,100,778.272766
41,100,778.86415
42,100,779.45397
36,100,780.051
42,100,780.634673
48,100,781.229186
42,100,781.819274
40,100,782.415772
39,100,782.998211
46,100,783.595107
37,100,784.188318
37,100,784.808759
41,100,785.45659
42,100,786.075773
45,100,786.679655
43,100,787.291101
41,100,787.920032
47,100,788.620277
41,100,789.274374
33,100,790.020851
40,100,790.642212
42,100,791.350059
39,100,791.975693
36,100,792.692406
41,100,793.385458
41,100,794.044491
38,100,794.651407
42,100,795.242082
41,100,795.844529
37,100,796.462913
44,100,797.114688
42,100,797.94083
42,100,798.677338
43,100,799.504121
45,100,800.262283
39,100,801.179002
47,100,802.019908
38,100,802.787562
40,100,803.464793
45,100,804.159545
34,100,805.09536
45,100,805.791708
32,100,806.601045
43,100,807.311887
44,100,807.982393
34,100,808.652025
33,100,809.2867
40,100,809.881441
33,100,810.589691
36,100,811.21572
45,100,811.809012
39,100,812.395821
38,100,812.979526
38,100,813.568692
39,100,814.155525
39,100,814.760524
48,100,815.355036
39,100,815.93751
43,100,816.523699
35,100,817.114711
44,100,817.707022
42,100,818.308057
40,100,818.887197
42,100,819.480426
51,100,820.075407
41,100,820.696842
40,100,821.303864
51,100,821.909279
42,100,822.480806
43,100,823.065934
44,100,823.653279
39,100,824.262378
42,100,824.860879
35,100,825.463165
38,100,826.032879
42,100,826.634151
41,100,827.220499
44,100,827.795223
39,100,828.373238
35,100,828.955064
43,100,829.552588
39,100,830.121924
50,100,830.705639
47,100,831.288956
41,100,831.879357
39,100,832.476484
37,100,833.065474
46,100,833.656213
43,100,834.243661
37,100,834.835345
45,100,835.429395
35,100,836.013041
38,100,836.597317
42,100,837.181775
42,100,837.786361
37,100,838.379448
41,100,839.016601
47,100,839.602851
38,100,840.193549
41,100,840.776237
42,100,841.36805
32,100,841.957356
43,100,842.567075
39,100,843.137335
42,100,843.789478
43,100,844.515156
41,100,845.265476
37,100,845.942245
36,100,846.560619
41,100,847.158537
37,100,847.782643
37,100,848.376231
43,100,848.95347
45,100,849.599516
36,100,850.357109
43,100,851.071355
46,100,851.830319
40,100,852.494995
36,100,853.114014
42,100,853.700085
34,100,854.287551
45,100,854.889617
38,100,855.474629
39,100,856.287251
47,100,857.002304
43,100,857.762372
36,100,858.421167
44,100,859.069172
41,100,859.771291
32,100,860.605197
40,100,861.390825
39,100,862.114006
50,100,862.78221
36,100,863.45649
51,100,864.174926
39,100,864.902214
36,100,865.588595
46,100,866.220936
43,100,866.816385
40,100,867.421131
40,100,868.012042
46,100,868.589905
41,100,869.173161
39,100,869.765584
49,100,870.342263
44,100,870.937961
42,100,871.534593
40,100,872.131063
47,100,872.698741
35,100,873.284484
33,100,873.894759
43,100,874.499921
38,100,875.0855
36,100,875.684855
44,100,876.279888
46,100,876.88757
42,100,877.471266
48,100,878.071315
37,100,878.67407
47,100,879.28168
38,100,879.930448
29,100,880.574063
46,100,881.168783
45,100,881.778651
36,100,882.389268
38,100,883.046532
40,100,883.670274
41,100,884.25486
32,100,884.846966
44,100,885.461079
54,100,886.098714
43,100,886.682015
41,100,887.265754
43,100,887.872431
52,100,888.528173
43,100,889.117119
39,100,889.710063
41,100,890.309104
43,100,890.976441
44,100,891.663889
39,100,892.272384
40,100,892.879957
33,100,893.564834
38,100,894.209792
45,100,894.799527
40,100,895.382562
45,100,895.963973
38,100,896.55549
41,100,897.145133
34,100,897.724573
43,100,898.312895
39,100,898.91221
40,100,899.483413
38,100,900.064017
42,100,900.693221
40,100,901.319274
37,100,901.906088
44,100,902.498072
43,100,903.079828
50,100,903.668607
47,100,904.255903
31,100,904.835184
45,100,905.416572
35,100,906.019815
34,100,906.623127
38,100,907.215813
45,100,907.797767
33,100,908.377814
31,100,908.962093
40,100,909.545287
44,100,910.13368
46,100,910.719323
38,100,911.331459
39,100,911.933445
46,100,912.522713
42,100,913.169463
37,100,913.789554
38,100,914.372189
40,100,914.967459
41,100,915.547804
41,100,916.144404
38,100,916.747873
34,100,917.335298
42,100,917.917713
41,100,918.486827
38,100,919.092625
41,100,919.66912
33,100,920.301679
46,100,920.913757
39,100,921.512707
39,100,922.111688
43,100,922.72748
43,100,923.344065
31,100,923.950651
39,100,924.576554
41,100,925.162738
39,100,925.778716
40,100,926.343878
48,100,926.926219
50,100,927.512479
44,100,928.117733
45,100,928.706035
40,100,929.316216
41,100,929.903182
44,100,930.487489
31,100,931.093774
36,100,931.702572
39,100,932.31132
41,100,932.974306
36,100,933.605799
41,100,934.212457
39,100,934.794776
31,100,935.389863
41,100,935.987343
36,100,936.58741
41,100,937.177533
40,100,937.760499
39,100,938.345565
39,100,938.93366
40,100,939.519006
43,100,940.139907
42,100,940.723483
41,100,941.311116
31,100,941.89881
38,100,942.483068
47,100,943.076333
42,100,943.661539
37,100,944.255439
35,100,944.898702
35,100,945.559873
40,100,946.16145
39,100,946.745723
44,100,947.341349
43,100,947.921428
49,100,948.505704
41,100,949.105261
38,100,949.694919
38,100,950.286764
36,100,950.869669
40,100,951.45484
35,100,952.046014
41,100,952.654203
39,100,953.269429
35,100,953.870889
45,100,954.486859
39,100,955.109065
45,100,955.724277
35,100,956.333883
36,100,956.920663
45,100,957.500179
43,100,958.090186
49,100,958.666829
41,100,959.266032
44,100,959.854188
47,100,960.436556
45,100,961.024454
39,100,961.619298
41,100,962.201617
48,100,962.793844
41,100,963.455184
49,100,964.061275
43,100,964.646994
26,100,965.229671
38,100,965.821898
43,100,966.407312
32,100,966.99609
36,100,967.594779
44,100,968.215953
46,100,968.874685
38,100,969.586266
52,100,970.24526
42,100,970.83867
37,100,971.427913
38,100,972.028345
48,100,972.696093
47,100,973.322967
36,100,973.906529
47,100,974.492081
40,100,975.102575
49,100,975.673122
41,100,976.283058
32,100,976.866668
38,100,977.443253
40,100,978.015416
46,100,978.605912
38,100,979.190431
48,100,979.782752
35,100,980.359098
41,100,980.941354
36,100,981.530382
43,100,982.119598
50,100,982.707098
44,100,983.288863
34,100,983.874579
39,100,984.461039
48,100,985.061162
45,100,985.649658
33,100,986.229784
41,100,986.807844
48,100,987.396053
52,100,988.007421
37,100,988.576522
39,100,989.154448
38,100,989.733446
39,100,990.331267
47,100,990.933855
41,100,991.565809
45,100,992.18184
34,100,992.790577
46,100,993.401377
49,100,994.017044
41,100,994.632296
46,100,995.21683
51,100,995.801372
45,100,996.383409
48,100,997.010862
42,100,997.62072
52,100,998.207951
46,100,998.795645
42,100,999.424165
38,100,1000.009621
49,100,1000.600823
47,100,1001.185027
45,100,1001.794617
44,100,1002.396886
44,100,1003.00545
40,100,1003.575645
39,100,1004.142836
36,100,1004.71841
38,100,1005.304825
42,100,1005.89306
49,100,1006.482805
29,100,1007.065913
45,100,1007.673346
38,100,1008.323447
43,100,1008.97976
43,100,1009.566156
44,100,1010.158526
38,100,1010.748614
47,100,1011.330413
47,100,1011.927943
38,100,1012.528891
41,100,1013.281819
43,100,1013.922968
38,100,1014.567873
45,100,1015.178902
47,100,1015.81398
43,100,1016.404031
34,100,1016.993607
42,100,1017.579212
41,100,1018.162216
35,100,1018.754686
34,100,1019.332777
48,100,1019.92397
34,100,1020.505101
46,100,1021.099429
37,100,1021.710941
45,100,1022.295253
30,100,1022.905139
51,100,1023.630707
37,100,1024.415228
30,100,1025.127944
43,100,1025.791599
46,100,1026.454946
39,100,1027.071427
47,100,1027.697043
36,100,1028.406007
40,100,1029.030758
44,100,1029.623335
41,100,1030.243144
45,100,1030.843366
37,100,1031.445442
44,100,1032.139346
35,100,1032.81741
51,100,1033.457401
45,100,1034.057076
46,100,1034.653559
41,100,1035.289986
40,100,1035.940954
39,100,1036.562675
45,100,1037.162794
34,100,1037.742322
38,100,1038.329841
37,100,1038.91327
43,100,1039.507125
40,100,1040.080145
41,100,1040.660368
39,100,1041.247556
35,100,1041.83242
36,100,1042.41366
41,100,1042.994914
52,100,1043.586489
41,100,1044.165551
43,100,1044.741516
39,100,1045.352633
42,100,1045.952491
40,100,1046.591546
50,100,1047.213515
37,100,1047.815685
43,100,1048.501518
42,100,1049.293853
34,100,1049.945362
40,100,1050.536939
47,100,1051.12626
42,100,1051.716153
37,100,1052.302847
40,100,1052.887743
41,100,1053.473059
49,100,1054.082512
45,100,1054.661678
37,100,1055.233319
36,100,1055.816808
45,100,1056.401979
47,100,1056.994085
47,100,1057.595355
40,100,1058.172471
38,100,1058.76234
40,100,1059.34747
37,100,1059.93807
34,100,1060.522146
48,100,1061.109902
51,100,1061.697706
48,100,1062.287502
44,100,1062.873722
40,100,1063.467226
44,100,1064.211833
40,100,1064.91063
38,100,1065.586143
39,100,1066.22024
33,100,1066.844181
37,100,1067.439662
40,100,1068.022652
40,100,1068.607902
39,100,1069.195428
42,100,1069.791077
41,100,1070.378165
43,100,1070.982621
50,100,1071.569765
42,100,1072.159889
47,100,1072.75866
38,100,1073.342601
40,100,1073.922963
38,100,1074.505055
43,100,1075.083733
43,100,1075.669513
51,100,1076.255739
39,100,1076.842764
46,100,1077.424925
35,100,1078.008623
42,100,1078.596861
41,100,1079.191045
46,100,1079.777181
39,100,1080.358789
39,100,1080.945013
38,100,1081.528366
43,100,1082.124773
46,100,1082.700772
44,100,1083.295114
38,100,1083.891848
46,100,1084.47513
45,100,1085.050345
43,100,1085.639075
47,100,1086.233102
47,100,1086.820192
39,100,1087.391339
42,100,1087.976836
40,100,1088.559979
35,100,1089.145221
38,100,1089.732195
41,100,1090.320185
50,100,1090.905412
37,100,1091.489884
38,100,1092.073876
44,100,1092.664902
36,100,1093.251515
40,100,1093.83988
43,100,1094.422232
27,100,1095.005965
38,100,1095.6071
47,100,1096.183458
48,100,1096.786923
39,100,1097.357595
43,100,1097.939197
37,100,1098.527583
44,100,1099.118171
38,100,1099.702705
42,100,1100.30117
43,100,1100.883904
38,100,1101.47521
35,100,1102.055906
36,100,1102.650313
37,100,1103.23406
31,100,1103.822201
39,100,1104.406718
46,100,1105.006569
39,100,1105.61058
36,100,1106.226096
40,100,1106.806264
44,100,1107.380096
41,100,1107.97163
40,100,1108.54266
40,100,1109.123718
43,100,1109.702746
40,100,1110.297882
44,100,1110.880854
41,100,1111.487089
40,100,1112.060741
46,100,1112.643708
44,100,1113.230388
46,100,1113.823536
44,100,1114.413068
35,100,1114.996505
40,100,1115.588605
51,100,1116.175362
42,100,1116.764993
43,100,1117.357505
48,100,1117.969434
49,100,1118.573032
41,100,1119.168815
40,100,1119.754778
47,100,1120.344408
40,100,1120.93453
43,100,1121.545632
41,100,1122.148058
39,100,1122.706936
39,100,1123.317829
44,100,1123.889588
45,100,1124.469395
39,100,1125.04789
36,100,1125.634155
36,100,1126.23827
42,100,1126.850393
45,100,1127.425286
41,100,1128.006941
42,100,1128.578501
36,100,1129.191348
44,100,1129.784333
37,100,1130.388696
32,100,1130.991397
38,100,1131.595514
40,100,1132.22181
44,100,1132.827338
37,100,1133.423039
48,100,1134.023067
45,100,1134.642832
42,100,1135.261991
36,100,1135.841908
45,100,1136.428705
35,100,1137.013363
51,100,1137.600827
42,100,1138.211637
37,100,1138.778072
45,100,1139.360399
45,100,1139.942042
47,100,1140.55824
46,100,1141.131868
45,100,1141.707364
37,100,1142.29992
42,100,1142.875448
45,100,1143.474082
38,100,1144.080579
45,100,1144.654135
36,100,1145.222706
31,100,1145.798996
43,100,1146.389504
44,100,1146.971446
41,100,1147.550622
36,100,1148.134639
38,100,1148.729572
43,100,1149.343627
36,100,1149.926735
43,100,1150.509139
30,100,1151.078134
43,100,1151.67198
36,100,1152.261884
42,100,1152.873901
33,100,1153.466451
35,100,1154.032599
41,100,1154.604344
33,100,1155.180939
47,100,1155.770576
43,100,1156.352902
42,100,1156.955282
39,100,1157.539531
44,100,1158.120774
44,100,1158.70018
42,100,1159.283545
45,100,1159.869342
43,100,1160.452897
41,100,1161.035116
41,100,1161.624376
35,100,1162.206892
42,100,1162.784242
35,100,1163.372537
44,100,1163.958178
35,100,1164.551157
46,100,1165.130131
44,100,1165.715981
36,100,1166.29942
43,100,1166.883888
45,100,1167.475925
41,100,1168.053362
38,100,1168.636179
51,100,1169.220468
39,100,1169.809059
39,100,1170.396214
39,100,1170.977866
41,100,1171.585473
46,100,1172.171843
41,100,1172.742799
35,100,1173.327769
43,100,1173.925318
42,100,1174.507631
43,100,1175.096149
46,100,1175.676151
37,100,1176.260246
38,100,1176.861464
32,100,1177.446056
39,100,1178.047918
38,100,1178.640154
38,100,1179.222905
49,100,1179.787974
37,100,1180.359807
44,100,1180.939653
41,100,1181.541259
40,100,1182.129065
41,100,1182.698875
38,100,1183.29591
44,100,1183.876846
39,100,1184.469935
39,100,1185.050441
47,100,1185.637575
50,100,1186.220514
35,100,1186.808115
37,100,1187.396925
36,100,1187.985709
37,100,1188.572266
45,100,1189.159263
43,100,1189.741303
42,100,1190.329301
44,100,1190.915557
41,100,1191.507568
45,100,1192.097741
40,100,1192.68785
34,100,1193.267427
47,100,1193.87746
34,100,1194.462817
31,100,1195.041184
46,100,1195.629867
40,100,1196.196835
38,100,1196.818654
33,100,1197.436836
50,100,1198.049731
42,100,1198.679589
41,100,1199.301409
45,100,1199.90574
34,100,1200.507886
42,100,1201.101181
36,100,1201.688668
41,100,1202.29422
38,100,1202.89801
54,100,1203.506447
35,100,1204.097944
47,100,1204.69247
42,100,1205.302405
38,100,1205.901466
37,100,1206.507157
37,100,1207.081451
44,100,1207.666122
35,100,1208.256191
40,100,1208.943453
44,100,1209.513462
41,100,1210.088399
37,100,1210.674819
45,100,1211.315719
46,100,1211.979298
37,100,1212.596635
33,100,1213.277044
51,100,1213.950509
46,100,1214.548591
41,100,1215.146693
31,100,1215.720677
42,100,1216.308496
48,100,1216.894598
42,100,1217.500442
47,100,1218.128945
42,100,1218.825763
39,100,1219.425823
48,100,1220.006816
44,100,1220.605398
49,100,1221.179475
48,100,1221.776788
40,100,1222.387274
40,100,1223.002026
45,100,1223.596659
45,100,1224.183979
42,100,1224.787692
42,100,1225.397145
40,100,1226.055765
44,100,1226.643723
41,100,1227.250075
48,100,1227.82761
43,100,1228.412939
38,100,1228.997744
49,100,1229.580565
40,100,1230.166272
38,100,1230.750233
53,100,1231.350653
41,100,1231.930011
37,100,1232.512914
40,100,1233.098743
51,100,1233.683626
39,100,1234.267784
32,100,1234.850455
44,100,1235.433137
36,100,1236.021333
41,100,1236.650501
42,100,1237.237977
39,100,1237.828912
35,100,1238.407377
37,100,1239.006544
40,100,1239.597295
45,100,1240.178736
44,100,1240.771623
40,100,1241.369149
36,100,1241.948517
34,100,1242.525858
42,100,1243.113352
39,100,1243.707168
39,100,1244.283949
42,100,1244.870597
44,100,1245.462294
38,100,1246.036229
36,100,1246.625491
50,100,1247.205017
42,100,1247.795409
42,100,1248.377667
46,100,1248.965724
50,100,1249.563252
51,100,1250.145367
44,100,1250.733773
38,100,1251.312158
40,100,1251.896159
30,100,1252.481302
40,100,1253.060761
41,100,1253.645733
47,100,1254.230977
44,100,1254.834276
37,100,1255.42693
50,100,1256.024288
39,100,1256.589705
43,100,1257.179703
44,100,1257.782754
49,100,1258.346683
41,100,1258.927868
49,100,1259.516197
42,100,1260.099576
36,100,1260.696999
41,100,1261.28811
32,100,1261.889601
41,100,1262.462489
40,100,1263.046025
36,100,1263.624888
32,100,1264.209027
43,100,1264.791034
37,100,1265.392407
41,100,1265.981701
44,100,1266.571802
37,100,1267.155061
39,100,1267.734977
37,100,1268.32398
34,100,1268.907808
36,100,1269.491246
42,100,1270.073577
42,100,1270.660057
35,100,1271.263995
42,100,1271.846255
45,100,1272.43884
38,100,1273.031072
39,100,1273.59856
43,100,1274.198611
48,100,1274.775563
40,100,1275.362015
47,100,1275.9501
45,100,1276.531877
44,100,1277.120769
38,100,1277.706105
38,100,1278.290857
46,100,1278.876814
44,100,1279.464035
45,100,1280.086587
49,100,1280.664022
41,100,1281.262614
34,100,1281.843416
43,100,1282.445021
37,100,1283.03973
45,100,1283.641692
43,100,1284.206047
41,100,1284.796407
40,100,1285.383901
40,100,1285.975644
40,100,1286.555656
38,100,1287.127534
39,100,1287.709683
40,100,1288.308326
42,100,1288.89384
48,100,1289.490617
41,100,1290.058621
44,100,1290.638407
42,100,1291.228199
45,100,1291.819319
49,100,1292.399933
41,100,1292.985709
38,100,1293.570569
37,100,1294.170057
43,100,1294.781767
40,100,1295.383286
34,100,1295.948777
35,100,1296.5325
38,100,1297.123126
37,100,1297.71935
44,100,1298.28663
47,100,1298.871638
37,100,1299.464149
46,100,1300.05094
39,100,1300.643169
37,100,1301.228529
40,100,1301.812178
45,100,1302.394776
46,100,1302.978177
47,100,1303.569234
35,100,1304.151217
43,100,1304.738331
45,100,1305.324672
37,100,1305.905325
44,100,1306.491614
40,100,1307.095884
46,100,1307.675492
38,100,1308.259952
33,100,1308.855862
45,100,1309.433071
44,100,1310.014214
46,100,1310.594542
46,100,1311.179113
41,100,1311.767468
42,100,1312.355531
39,100,1312.953107
42,100,1313.532249
46,100,1314.115298
43,100,1314.695236
48,100,1315.296038
41,100,1315.874179
47,100,1316.458498
41,100,1317.041246
38,100,1317.623987
36,100,1318.205373
41,100,1318.791016
43,100,1319.371779
39,100,1319.953709
43,100,1320.537123
42,100,1321.129879
41,100,1321.732462
35,100,1322.298995
41,100,1322.879735
39,100,1323.471794
43,100,1324.055584
29,100,1324.635775
44,100,1325.221487
45,100,1325.815461
45,100,1326.391666
41,100,1326.975945
44,100,1327.556333
38,100,1328.176296
40,100,1328.808348
44,100,1329.398617
44,100,1329.986969
40,100,1330.57483
42,100,1331.166195
41,100,1331.759455
43,100,1332.363003
35,100,1332.935418
32,100,1333.507902
42,100,1334.093407
29,100,1334.679349
44,100,1335.258803
47,100,1335.857177
43,100,1336.432453
50,100,1337.020184
46,100,1337.609713
41,100,1338.193699
46,100,1338.796397
46,100,1339.37329
46,100,1339.95927
38,100,1340.536878
41,100,1341.119834
40,100,1341.709266
46,100,1342.306649
35,100,1342.886878
38,100,1343.471483
47,100,1344.050316
43,100,1344.645303
45,100,1345.228654
51,100,1345.829395
40,100,1346.393653
40,100,1346.978245
39,100,1347.564842
41,100,1348.147629
37,100,1348.725313
40,100,1349.313009
39,100,1349.894494
49,100,1350.480196
46,100,1351.061967
38,100,1351.642787
42,100,1352.228207
40,100,1352.809932
37,100,1353.395276
40,100,1353.981879
48,100,1354.557029
53,100,1355.141873
38,100,1355.724926
32,100,1356.312751
40,100,1356.89637
39,100,1357.484161
43,100,1358.06395
43,100,1358.649979
43,100,1359.37921
46,100,1359.960395
45,100,1360.552507
33,100,1361.118149
38,100,1361.698836
36,100,1362.290195
39,100,1362.868906
40,100,1363.457786
34,100,1364.059274
46,100,1364.656166
39,100,1365.254524
41,100,1365.847526
47,100,1366.427608
45,100,1367.011123
49,100,1367.601509
45,100,1368.192055
46,100,1368.776954
33,100,1369.385352
42,100,1369.975044
44,100,1370.563537
43,100,1371.164973
55,100,1371.920686
49,100,1372.596618
46,100,1373.186528
33,100,1373.774475
41,100,1374.360754
48,100,1374.961579
41,100,1375.537321
37,100,1376.115362
41,100,1376.697197
38,100,1377.282783
47,100,1377.868379
51,100,1378.451814
38,100,1379.037085
41,100,1379.624488
39,100,1380.212109
46,100,1380.795482
44,100,1381.377001
46,100,1381.963672
40,100,1382.548585
47,100,1383.142785
40,100,1383.718943
47,100,1384.305461
42,100,1384.887972
45,100,1385.470378
38,100,1386.058461
45,100,1386.651587
52,100,1387.225873
37,100,1387.813297
40,100,1388.395113
43,100,1388.990625
44,100,1389.582521
42,100,1390.342813
49,100,1391.016067
41,100,1391.679963
42,100,1392.293967
39,100,1392.877511
44,100,1393.464443
37,100,1394.045253
41,100,1394.628476
45,100,1395.221797
41,100,1395.823829
45,100,1396.401988
41,100,1396.97668
44,100,1397.562683
44,100,1398.145827
40,100,1398.731226
36,100,1399.321137
34,100,1399.905277
45,100,1400.492676
35,100,1401.078786
50,100,1401.663462
39,100,1402.251855
34,100,1402.84255
37,100,1403.419543
52,100,1404.005288
41,100,1404.592379
44,100,1405.176713
42,100,1405.759273
40,100,1406.343879
35,100,1406.931053
36,100,1407.518463
39,100,1408.104924
39,100,1408.690361
32,100,1409.276603
42,100,1409.856431
40,100,1410.440714
38,100,1411.036315
45,100,1411.616462
39,100,1412.201632
35,100,1412.791272
40,100,1413.372833
32,100,1413.958485
34,100,1414.542243
47,100,1415.140597
44,100,1415.725736
43,100,1416.435706
43,100,1417.046793
45,100,1417.611617
37,100,1418.183877
38,100,1418.826924
41,100,1419.435699
40,100,1420.03166
46,100,1420.623523
49,100,1421.213071
41,100,1421.802169
39,100,1422.519638
35,100,1423.228485
32,100,1423.898464
58,100,1424.508291
50,100,1425.127695
38,100,1425.741345
41,100,1426.33028
45,100,1426.951772
35,100,1427.58351
39,100,1428.399361
47,100,1429.09001
35,100,1429.689446
47,100,1430.309996
42,100,1430.944814
38,100,1431.62512
41,100,1432.395293
48,100,1433.007277
45,100,1433.635314
37,100,1434.382526
40,100,1435.110518
43,100,1435.86968
41,100,1436.545082
42,100,1437.180555
35,100,1437.773227
40,100,1438.391662
48,100,1438.990268
39,100,1439.571771
36,100,1440.190665
41,100,1440.861434
40,100,1441.543827
49,100,1442.26086
36,100,1442.92239
47,100,1443.58494
40,100,1444.207569
43,100,1444.822762
43,100,1445.537925
34,100,1446.282444
45,100,1447.066223
44,100,1447.745575
45,100,1448.458806
40,100,1449.195875
40,100,1449.873805
49,100,1450.474756
41,100,1451.065211
49,100,1451.661259
40,100,1452.247514
36,100,1452.841537
46,100,1453.430031
40,100,1454.011033
40,100,1454.595916
37,100,1455.170808
40,100,1455.758082
41,100,1456.346641
37,100,1456.928833
52,100,1457.517341
38,100,1458.109646
43,100,1458.72645
39,100,1459.310657
41,100,1459.880435
42,100,1460.465524
40,100,1461.053752
42,100,1461.635654
44,100,1462.220455
47,100,1462.805462
44,100,1463.434827
45,100,1464.097033
39,100,1464.8393
47,100,1465.504541
50,100,1466.096355
37,100,1466.681782
42,100,1467.266451
46,100,1467.889201
46,100,1468.490092
47,100,1469.12482
44,100,1469.750164
37,100,1470.408597
39,100,1471.182136
45,100,1471.857227
47,100,1472.594577
40,100,1473.269993
37,100,1473.867778
46,100,1474.450944
46,100,1475.028449
35,100,1475.611655
40,100,1476.225528
43,100,1476.8141
43,100,1477.401372
42,100,1478.010714
48,100,1478.61163
46,100,1479.211779
35,100,1479.931828
45,100,1480.566593
40,100,1481.16682
40,100,1481.771827
38,100,1482.35996
42,100,1482.9687
40,100,1483.55587
39,100,1484.176034
42,100,1484.920754
44,100,1485.656412
42,100,1486.359808
41,100,1487.039231
41,100,1487.686885
41,100,1488.314713
39,100,1488.932891
39,100,1489.663657
44,100,1490.318283
48,100,1490.951419
42,100,1491.682007
38,100,1492.316107
48,100,1492.929522
45,100,1493.549058
36,100,1494.209847
42,100,1494.839433
42,100,1495.435168
37,100,1496.147949
43,100,1496.792742
39,100,1497.399718
41,100,1498.010072
38,100,1498.679183
39,100,1499.294977
31,100,1500.024679
37,100,1500.774096
46,100,1501.771563
51,100,1502.425406
44,100,1503.169588
38,100,1503.83494
40,100,1504.443683
41,100,1505.027379
47,100,1505.635756
40,100,1506.216289
41,100,1506.822081
40,100,1507.433814
48,100,1508.047576
44,100,1508.637494
43,100,1509.207864
39,100,1509.791222
33,100,1510.363889
34,100,1510.962255
